<?xml version="1.0" encoding="UTF-8" ?>
<!DOCTYPE mapper PUBLIC "-//mybatis.org//DTD Mapper 3.0//EN" "http://mybatis.org/dtd/mybatis-3-mapper.dtd">

<mapper namespace="com.court.mapper.TaskMapper">
    <select id="getAll" resultType="Task" parameterType="String">
        SELECT * FROM  task where id in
        (select taskId from usertask where openId = #{openId})
        and times = #{times}
    </select>
    <insert id="inserts" parameterType="com.court.entity.Task">
        INSERT INTO task(affair,times)
        VALUES (#{affair},#{times})
    </insert>
    <select id="queryLastId" resultType="int" >
        SELECT * FROM  task order by id DESC limit 1
    </select>
    <delete id="deleteTask" parameterType="java.util.List">
        delete from task
        where id not in
        <foreach collection="list" index="index" item="item" open="(" separator="," close=")">
            #{item.id,jdbcType=INTEGER}
        </foreach>
        and times in
        <foreach collection="list" index="index" item="item" open="(" separator="," close=")">
            #{item.times,jdbcType=VARCHAR}
        </foreach>
    </delete>
    <update id="updateTask" parameterType="java.util.List" >
        update task
        set  state=
        <foreach collection="list" item="item" index="index"
                 separator=" " open="case id" close="end">
            when #{item.id} then #{item.state}
        </foreach>
        where id in
        <foreach collection="list" index="index" item="item"
                 separator="," open="(" close=")">
            #{item.id,jdbcType=INTEGER}
        </foreach>
    </update>
    <delete id="deleteAll" parameterType="String">
        delete from task where times = #{times}
    </delete>
</mapper>