<?xml version="1.0" encoding="UTF-8" ?>
<!DOCTYPE mapper PUBLIC "-//mybatis.org//DTD Mapper 3.0//EN" "http://mybatis.org/dtd/mybatis-3-mapper.dtd">

<mapper namespace="com.court.mapper.UserTaskMapper">
    <select id="getAll" resultType="java.util.List">
        SELECT * FROM  usertask
    </select>
    <insert id="inserts" parameterType="com.court.entity.UserTask">
        INSERT INTO usertask(openId,taskId)
        VALUES (#{openId},#{taskId})
    </insert>
    <delete id="deleteUserTask" parameterType="java.util.List">
        delete from usertask where taskId in
        (select id from task where times in
        <foreach collection="list" index="index" item="item"
                 open="(" separator="," close=")">
            #{item.times,jdbcType=VARCHAR}
        </foreach>
        and id not in
        <foreach collection="list" index="index" item="item" open="(" separator="," close=")">
            #{item.id,jdbcType=INTEGER}
        </foreach>)
    </delete>
    <delete id="deleteAll" parameterType="String">
        delete from usertask where taskId in (
        select id from task where times = #{times}
        )
    </delete>
</mapper>